{"t_mean": 47.59509643128565, "t_std": 22.490526172133325, "target_shape": [140, 140, 140]}